{}
{"warp_params": 28773574, "gen_params": 43899968}
{"warp_disk_size": 117.451043, "gen_disk_size": 175.794109}
{"warp_inference": 0.015050888061523438}
{"gen_inference": 0.005463600158691406}
{"MSE": [6.435126410590278, 93.10850694444444, 35.550211588541664, 32.03624810112847, 19.511983235677082], "SSIM": [0.9762505911942695, 0.9196543577989426, 0.9019446010878877, 0.9568228155846096, 0.9579269521791626]}
